filename,format,duration,sampleRate,channels,role,group,rootMidi,triggerMidi,rootPC,quality,drum,loopStart,loopEnd,crossfade,loopAssessment,gain,tuningCents,sha256
Samples/Bass/Bass_0A#.wav,WAV PCM 24,0.559167,48000,1,bass,bass,46,34,,,,,,,One-shot; not looped,1,0,4316d1d1ce8eaa3b39ae441ba1673560a3c071efa96bcbc444873a0d8e01dc01
Samples/Bass/Bass_0A.wav,WAV PCM 24,0.559167,48000,1,bass,bass,45,33,,,,,,,One-shot; not looped,1,0,d1290277aa15d1e1e4bd47d5e418663173776963997ea468ddf929d4a6d75632
Samples/Bass/Bass_0B.wav,WAV PCM 24,0.559167,48000,1,bass,bass,47,35,,,,,,,One-shot; not looped,1,0,04e37536493b0199d24f114f804ecef9a746c148d79cdb4526353cf1e293006a
Samples/Bass/Bass_0C#.wav,WAV PCM 24,0.559167,48000,1,bass,bass,37,25,,,,,,,One-shot; not looped,1,0,3ec5257f092fb160d3d982b6a5f07fbc04a1ea90503b3da8d12db53d25636e4d
Samples/Bass/Bass_0C.wav,WAV PCM 24,0.559167,48000,1,bass,bass,36,24,,,,,,,One-shot; not looped,1,0,8efb58d4a3900c3d94d2e4c1ed1aea2edc5b920d403408fc75c3bf7a3d2b3a94
Samples/Bass/Bass_0D#.wav,WAV PCM 24,0.559167,48000,1,bass,bass,39,27,,,,,,,One-shot; not looped,1,0,b75aa646799176dc2fc209c8aa6f9e4885f9cf6d016f2e5f613b7e2aa4c6a235
Samples/Bass/Bass_0D.wav,WAV PCM 24,0.559167,48000,1,bass,bass,38,26,,,,,,,One-shot; not looped,1,0,1f8cbc8adf5e8276c879267a6574c27043043b509e9aae151bd621198e623c4a
Samples/Bass/Bass_0E.wav,WAV PCM 24,0.559167,48000,1,bass,bass,40,28,,,,,,,One-shot; not looped,1,0,334c22fb9ffc870210a3118fa6ee4f11ebe6501495ee22d4e5dfc4b53f6bb7c9
Samples/Bass/Bass_0F#.wav,WAV PCM 24,0.559167,48000,1,bass,bass,42,30,,,,,,,One-shot; not looped,1,0,7555788665f1ce63c6779cdc369a3f2b88f791d85d940c0b3d2c9cf05247573e
Samples/Bass/Bass_0F.wav,WAV PCM 24,0.559167,48000,1,bass,bass,41,29,,,,,,,One-shot; not looped,1,0,94c781d3529a5c1a86259e707ffd5d1a18e01f9ca557c5e906fd383104dd78b4
Samples/Bass/Bass_0G#.wav,WAV PCM 24,0.559167,48000,1,bass,bass,44,32,,,,,,,One-shot; not looped,1,0,d7214d540d7f7bc575fb85d058cb1fba3b065b74cf4fb904750a240f64a5bb60
Samples/Bass/Bass_0G.wav,WAV PCM 24,0.559167,48000,1,bass,bass,43,31,,,,,,,One-shot; not looped,1,0,3974afb0f6a7dbd326e1cc00f348c5f341c1db370da41f5fd9ebefd0e8cb2bfd
Samples/Bass/Bass_1C#.wav,WAV PCM 24,0.559167,48000,1,bass,bass,49,37,,,,,,,One-shot; not looped,1,0,92dc6ca4853709fcb31ba1abb2ab409f0374a4ed43cf4238ccbc6a0e7419d2ea
Samples/Bass/Bass_1C.wav,WAV PCM 24,0.559167,48000,1,bass,bass,48,36,,,,,,,One-shot; not looped,1,0,2c150c629676f7f05a8444bec6593291ccd17714023ec59cc74ae8ec10a3562f
Samples/Bass/Bass_1D#.wav,WAV PCM 24,0.559167,48000,1,bass,bass,51,39,,,,,,,One-shot; not looped,1,0,c6cf8768ba89314bcc10d96faf6dd8a0c2ebb6400a95721a88d46e113b909c26
Samples/Bass/Bass_1D.wav,WAV PCM 24,0.559167,48000,1,bass,bass,50,38,,,,,,,One-shot; not looped,1,0,49af9e77bee0491a08f411c2e3f34158a0778869fcfe45c1632aee29d488c49d
Samples/Bass/Bass_1E.wav,WAV PCM 24,0.559167,48000,1,bass,bass,52,40,,,,,,,One-shot; not looped,1,0,ae92b17d758785f60d6aa0349ba42c94e5e8fa951869f9a43841d8c934423ee6
Samples/Bass/Bass_1F#.wav,WAV PCM 24,0.559167,48000,1,bass,bass,54,42,,,,,,,One-shot; not looped,1,0,d6769c7efb4742abc416bfe44864e079e222d4297e9ee4ba22e6e62e61447a5c
Samples/Bass/Bass_1F.wav,WAV PCM 24,0.559167,48000,1,bass,bass,53,41,,,,,,,One-shot; not looped,1,0,4d62509b95be4084a705584c003a16f391713746ad46aca24eb874efa812c958
Samples/Chords/Chords_1A#.wav,WAV PCM 24,11.0,48000,1,chords,chords,,46,10,major,,3.6322916666666667,8.275833333333333,0.01,Preset loop; runtime crossfade; listening verification pending,1,0,beb890049d426ade526d645f11a2fadef16d70c98c54d04acf71897a3a31c220
Samples/Chords/Chords_1A.wav,WAV PCM 24,11.0,48000,1,chords,chords,,45,9,major,,5.308166666666667,8.684979166666666,0.01,Preset loop; runtime crossfade; listening verification pending,1,0,53e3061fd03e866e59e9045bb9932eda23117253465364b4ba9522a86b6c1d7d
Samples/Chords/Chords_1B.wav,WAV PCM 24,11.0,48000,1,chords,chords,,47,11,major,,3.5428333333333333,9.106270833333333,0.01,Preset loop; runtime crossfade; listening verification pending,1,0,22536b90872a4bcba1cab18dcd37199f40c945b30bd09761e1863cb649eaf0ba
Samples/Chords/Chords_1C#.wav,WAV PCM 24,11.0,48000,1,chords,chords,,37,1,major,,3.601916666666667,8.2085625,0.01,Preset loop; runtime crossfade; listening verification pending,1,0,61776e50e1b5045a81fa7fded6929fa1194fa0178c43dcac79c18514c57030a4
Samples/Chords/Chords_1C.wav,WAV PCM 24,11.0,48000,1,chords,chords,,36,0,major,,2.6775208333333333,7.153645833333333,0.01,Preset loop; runtime crossfade; listening verification pending,1,0,95f293f92035dee6126105cd334e060a8530092e7e64fa99a46f7126f02d3714
Samples/Chords/Chords_1D#.wav,WAV PCM 24,11.0,48000,1,chords,chords,,39,3,major,,7.153625,9.3511875,0.01,Preset loop; runtime crossfade; listening verification pending,1,0,a7e67e0c981b50ebd10e41bbb4543531e8dd12c1849ea07864afca33986b51f9
Samples/Chords/Chords_1D.wav,WAV PCM 24,11.0,48000,1,chords,chords,,38,2,major,,2.58825,8.838291666666667,0.01,Preset loop; runtime crossfade; listening verification pending,1,0,a1e32f31ceb241cda9bee77792b476281f888808c0dea0e66e655a8aad67c6d1
Samples/Chords/Chords_1E.wav,WAV PCM 24,11.0,48000,1,chords,chords,,40,4,major,,4.996541666666666,7.6615416666666665,0.01,Preset loop; runtime crossfade; listening verification pending,1,0,eb7e7fd808f123f26fc207577e20977e2a6840c0157f4776cf4929757e923551
Samples/Chords/Chords_1F#.wav,WAV PCM 24,11.0,48000,1,chords,chords,,42,6,major,,3.4175,8.27875,0.01,Preset loop; runtime crossfade; listening verification pending,1,0,9710de71cab3959a9c13c4adecdfb48c9719e3bd3550b77e4f99c6a2f84dfc0f
Samples/Chords/Chords_1F.wav,WAV PCM 24,11.0,48000,1,chords,chords,,41,5,major,,3.9825625,6.946666666666666,0.01,Preset loop; runtime crossfade; listening verification pending,1,0,79f47ea61f474f5fb307259f19cd800e68bf5f3ca83bdce4bc32d76c3ed9317a
Samples/Chords/Chords_1G#.wav,WAV PCM 24,11.0,48000,1,chords,chords,,44,8,major,,4.781354166666667,8.620708333333333,0.01,Preset loop; runtime crossfade; listening verification pending,1,0,dcd241d1d4d60c63936a7baf0e7aad606c41ac4e14800503d51d8959f5f8c90d
Samples/Chords/Chords_1G.wav,WAV PCM 24,11.0,48000,1,chords,chords,,43,7,major,,5.638395833333333,7.749125,0.01,Preset loop; runtime crossfade; listening verification pending,1,0,0b503bb6fa03d357d6bdc3cd2d642dca88fe30e502e1c557d6711fd5b18d6e12
Samples/Chords/Chords_2A#.wav,WAV PCM 24,11.0,48000,1,chords,chords,,58,10,minor,,1.1308541666666667,8.787729166666667,0.01,Preset loop; runtime crossfade; listening verification pending,1,0,995f5cb47e3c2a28cbcb947c796afa4fe1dd704a0eaf254552d8907f9f75b374
Samples/Chords/Chords_2A.wav,WAV PCM 24,11.0,48000,1,chords,chords,,57,9,minor,,0.0623125,6.93175,0.01,Preset loop; runtime crossfade; listening verification pending,1,0,8961006d02d83a195899ddfc132f4f5bb0f8af9c204494d4b579433e35a53a40
Samples/Chords/Chords_2B.wav,WAV PCM 24,11.0,48000,1,chords,chords,,59,11,minor,,3.5358958333333335,9.0651875,0.01,Preset loop; runtime crossfade; listening verification pending,1,0,2c01f7554fd7390592e634424275d7bb19b79c93d035e42f9d4cf32f420f2fa4
Samples/Chords/Chords_2C#.wav,WAV PCM 24,11.0,48000,1,chords,chords,,49,1,minor,,3.1802083333333333,6.318895833333333,0.01,Preset loop; runtime crossfade; listening verification pending,1,0,4faa60c762679b5d66b53060f67371339891064d68669e1a8d27ddd8a0e5135c
Samples/Chords/Chords_2C.wav,WAV PCM 24,11.0,48000,1,chords,chords,,48,0,minor,,6.318875,8.602416666666667,0.01,Preset loop; runtime crossfade; listening verification pending,1,0,9e82a7071ba69c1e75115133bda60a8bd71c827aef0022b65d11ae779e07efba
Samples/Chords/Chords_2D#.wav,WAV PCM 24,11.0,48000,1,chords,chords,,51,3,minor,,5.401583333333333,8.048104166666667,0.01,Preset loop; runtime crossfade; listening verification pending,1,0,cc6c6a1823b62ada2357bed12b90b35a3d233a2949f639ea3074c92a0363eab9
Samples/Chords/Chords_2D.wav,WAV PCM 24,11.0,48000,1,chords,chords,,50,2,minor,,0.19102083333333333,8.916458333333333,0.01,Preset loop; runtime crossfade; listening verification pending,1,0,48daad004cef0cffa6c9275177138232c6eef6d641641c38df4ebc1bdb789599
Samples/Chords/Chords_2E.wav,WAV PCM 24,11.0,48000,1,chords,chords,,52,4,minor,,4.165395833333333,6.000041666666666,0.01,Preset loop; runtime crossfade; listening verification pending,1,0,2d33d20b28aba68587b961c65b96e2f9b46aeca0d345b45294eeeeb9a39e871f
Samples/Chords/Chords_2F#.wav,WAV PCM 24,11.0,48000,1,chords,chords,,54,6,minor,,0.5896875,5.643854166666666,0.01,Preset loop; runtime crossfade; listening verification pending,1,0,f7e7af018425c2bd3a2e244bc2330a8835648f7f0fe49fd06660b6a331571d1d
Samples/Chords/Chords_2F.wav,WAV PCM 24,11.0,48000,1,chords,chords,,53,5,minor,,1.9061666666666666,4.594708333333333,0.01,Preset loop; runtime crossfade; listening verification pending,1,0,44faf81bca650227e2277072e487560d7b9cac6261579eda90ecfee01a78261a
Samples/Chords/Chords_2G#.wav,WAV PCM 24,11.0,48000,1,chords,chords,,56,8,minor,,5.923479166666667,7.799291666666667,0.01,Preset loop; runtime crossfade; listening verification pending,1,0,8b7767e67bfd3a2390277ffd011071316f831b8a5476462c86dcbdca8d18462a
Samples/Chords/Chords_2G.wav,WAV PCM 24,11.0,48000,1,chords,chords,,55,7,minor,,0.11770833333333333,8.823,0.01,Preset loop; runtime crossfade; listening verification pending,1,0,9a64b56ecb843e63cb6eb9c6460035bed393012832ba66bf8e1b222043b7ce8f
Samples/Chords/Chords_3A#.wav,WAV PCM 24,11.0,48000,1,chords,chords,,70,10,seventh,,4.379479166666667,8.985708333333333,0.01,Preset loop; runtime crossfade; listening verification pending,1,0,6168c3814758e45e5ceb304ae42950731ba1811344a1031a850293c2617b5757
Samples/Chords/Chords_3A.wav,WAV PCM 24,11.0,48000,1,chords,chords,,69,9,seventh,,0.7615,8.699645833333333,0.01,Preset loop; runtime crossfade; listening verification pending,1,0,e3eaa56540a04e5258d3360b26cfd84dae6e088a53c90c7065ec842d1cf00603
Samples/Chords/Chords_3B.wav,WAV PCM 24,11.0,48000,1,chords,chords,,71,11,seventh,,3.2324375,5.1964375,0.01,Preset loop; runtime crossfade; listening verification pending,1,0,798893765f0f7a237b131a753374c84f8b91dd7b0f8f9df27c2ce50c8e39e0f5
Samples/Chords/Chords_3C#.wav,WAV PCM 24,11.0,48000,1,chords,chords,,61,1,seventh,,0.2788333333333333,8.9603125,0.01,Preset loop; runtime crossfade; listening verification pending,1,0,bc49dabd15888921ac6da12374773bfa0c89d6f08039dc64f8c5a84fea20aef9
Samples/Chords/Chords_3C.wav,WAV PCM 24,11.0,48000,1,chords,chords,,60,0,seventh,,3.4056875,8.696958333333333,0.01,Preset loop; runtime crossfade; listening verification pending,1,0,91d5a1846d1ac9988ed57a55f4edadcd677c363c7a4f87b60819df41f45a6287
Samples/Chords/Chords_3D#.wav,WAV PCM 24,11.0,48000,1,chords,chords,,63,3,seventh,,6.052375,9.038520833333333,0.01,Preset loop; runtime crossfade; listening verification pending,1,0,e07de1d77be4df4e1c41983fcd0ad3fba5d9a5fa1f48edc38290cb9d016655ce
Samples/Chords/Chords_3D.wav,WAV PCM 24,11.0,48000,1,chords,chords,,62,2,seventh,,2.5298541666666665,6.4763125,0.01,Preset loop; runtime crossfade; listening verification pending,1,0,ab79c9b2472d01947124a689a5831eb78020bd7f9d8791198d5063b692b7e460
Samples/Chords/Chords_3E.wav,WAV PCM 24,11.0,48000,1,chords,chords,,64,4,seventh,,2.4155625,8.559604166666666,0.01,Preset loop; runtime crossfade; listening verification pending,1,0,ec5a59fa15425b34da42a4b4bb54a20c086a95aa4d1d924103a751a1eaf0ea51
Samples/Chords/Chords_3F#.wav,WAV PCM 24,11.0,48000,1,chords,chords,,66,6,seventh,,6.196416666666667,8.841708333333333,0.01,Preset loop; runtime crossfade; listening verification pending,1,0,bbab94b4ee3c485dc12184fa4116b7a8fbd647687e46dc0165913b0ff5b331ef
Samples/Chords/Chords_3F.wav,WAV PCM 24,11.0,48000,1,chords,chords,,65,5,seventh,,1.8047916666666666,8.701729166666667,0.01,Preset loop; runtime crossfade; listening verification pending,1,0,2807153706c35c99d53c3e47ef67f0d379e1bbd2c4b7ebc08ef5b2831861a846
Samples/Chords/Chords_3G#.wav,WAV PCM 24,11.0,48000,1,chords,chords,,68,8,seventh,,4.0935,8.4498125,0.01,Preset loop; runtime crossfade; listening verification pending,1,0,42918fba622b0edab61a066e4b3137331f0d8f63dc874892bc18718cfb3e4a68
Samples/Chords/Chords_3G.wav,WAV PCM 24,11.0,48000,1,chords,chords,,67,7,seventh,,4.437354166666666,9.287583333333334,0.01,Preset loop; runtime crossfade; listening verification pending,1,0,6ef82db5e6a416322ca37a0c1ba8fa0c591f2a1f4a0b1af6c1f4e7308904d3b4
Samples/Chords/Chords_4A#.wav,WAV PCM 24,11.0,48000,1,chords,chords,,82,10,minor7,,1.515625,8.193166666666666,0.01,Preset loop; runtime crossfade; listening verification pending,1,0,3a37e2dfb6166ae3d1e90e024a0433f05e56deec2f2da4841f4ee4d79f084f81
Samples/Chords/Chords_4A.wav,WAV PCM 24,11.0,48000,1,chords,chords,,81,9,minor7,,1.8075208333333332,9.082625,0.01,Preset loop; runtime crossfade; listening verification pending,1,0,8908c592dc7cd8a438e4111795e190e0c52dfd2f6084ec48f2c254e1f5534791
Samples/Chords/Chords_4B.wav,WAV PCM 24,11.0,48000,1,chords,chords,,83,11,minor7,,3.4620416666666665,8.496291666666666,0.01,Preset loop; runtime crossfade; listening verification pending,1,0,797dc2a0a63231ede46a42e489999e3b20dfb26ab02dd84241eda573bac235c0
Samples/Chords/Chords_4C#.wav,WAV PCM 24,11.0,48000,1,chords,chords,,73,1,minor7,,1.2982708333333333,9.085104166666667,0.01,Preset loop; runtime crossfade; listening verification pending,1,0,1ae15ed1a54e9c3c8c50705e1da447fff3969a43d62413f072226f79bec9f18b
Samples/Chords/Chords_4C.wav,WAV PCM 24,11.0,48000,1,chords,chords,,72,0,minor7,,1.5493125,7.9699375,0.01,Preset loop; runtime crossfade; listening verification pending,1,0,dfad19b8d4083d7d5d42310841f1ca2c523b8a5ecaeb90a4274d812604ace58a
Samples/Chords/Chords_4D#.wav,WAV PCM 24,11.0,48000,1,chords,chords,,75,3,minor7,,0.8598958333333333,8.455645833333334,0.01,Preset loop; runtime crossfade; listening verification pending,1,0,689be209f44ea3b259f43f22fc7d25ba91b91b67468ac65d81348fa6473923f0
Samples/Chords/Chords_4D.wav,WAV PCM 24,11.0,48000,1,chords,chords,,74,2,minor7,,3.624041666666667,8.189229166666667,0.01,Preset loop; runtime crossfade; listening verification pending,1,0,0bb5a40eb87db554d4b209b9f9641f87b5f80182cb51fe4c13d341e59d1b1a91
Samples/Chords/Chords_4E.wav,WAV PCM 24,11.0,48000,1,chords,chords,,76,4,minor7,,4.707416666666667,8.575020833333333,0.01,Preset loop; runtime crossfade; listening verification pending,1,0,9c3769e1a386e975edad61f364df6cca9bf96c1a965cb1c802be75e1ba969188
Samples/Chords/Chords_4F#.wav,WAV PCM 24,11.0,48000,1,chords,chords,,78,6,minor7,,0.24197916666666666,3.9339375,0.01,Preset loop; runtime crossfade; listening verification pending,1,0,8a2368422cb0cf9694495494e192fae91a018a867710e3cffd35c78bc2683d53
Samples/Chords/Chords_4F.wav,WAV PCM 24,11.0,48000,1,chords,chords,,77,5,minor7,,3.3751458333333333,6.091166666666667,0.01,Preset loop; runtime crossfade; listening verification pending,1,0,3090b2c79278157949e12fcf399608cf60abc38d8ec04b51c8657daffc583466
Samples/Chords/Chords_4G#.wav,WAV PCM 24,11.0,48000,1,chords,chords,,80,8,minor7,,0.3114375,5.083958333333333,0.01,Preset loop; runtime crossfade; listening verification pending,1,0,fd7b429bf6d661a827f05488a6e0185cc6db19bf0e3402ee1ca0fcbde96d8279
Samples/Chords/Chords_4G.wav,WAV PCM 24,11.0,48000,1,chords,chords,,79,7,minor7,,5.0839375,8.966104166666666,0.01,Preset loop; runtime crossfade; listening verification pending,1,0,c4bc0453136902a728cdd73df4a1e05963ed425d4babf47a7736397cb8521749
Samples/Chords/Chords_5A#.wav,WAV PCM 24,11.0,48000,1,chords,chords,,94,10,major7,,5.954166666666667,9.0699375,0.01,Preset loop; runtime crossfade; listening verification pending,1,0,a3218be0a8089f079d9363b1131a84bde9d670038d00c3452bcc509a74de2366
Samples/Chords/Chords_5A.wav,WAV PCM 24,11.0,48000,1,chords,chords,,93,9,major7,,0.998875,8.46275,0.01,Preset loop; runtime crossfade; listening verification pending,1,0,3c1ab40dbbdbf37d2a5c20430f92136c93b90aeb9962b8827be372aa5c3d895c
Samples/Chords/Chords_5B.wav,WAV PCM 24,11.0,48000,1,chords,chords,,95,11,major7,,3.7047291666666666,7.098020833333333,0.01,Preset loop; runtime crossfade; listening verification pending,1,0,61082bf5dd9f2d4a521b4dcba6d332474fe4143808da1cb54a30367787ba87c2
Samples/Chords/Chords_5C#.wav,WAV PCM 24,11.0,48000,1,chords,chords,,85,1,major7,,2.7725416666666667,8.318375,0.01,Preset loop; runtime crossfade; listening verification pending,1,0,e0a4c3fb9cf24e1f0abf284de6d4e8c44db394348553c3e396dd19efc6ab8599
Samples/Chords/Chords_5C.wav,WAV PCM 24,11.0,48000,1,chords,chords,,84,0,major7,,3.2515416666666668,5.297145833333333,0.01,Preset loop; runtime crossfade; listening verification pending,1,0,31169e8d7d6c841f78eb8028624caa8e82e96b7ad29ddfdf638123371fc49703
Samples/Chords/Chords_5D#.wav,WAV PCM 24,11.0,48000,1,chords,chords,,87,3,major7,,3.1495208333333333,8.503770833333334,0.01,Preset loop; runtime crossfade; listening verification pending,1,0,c078f880bc25cc565e0e38fc796c897411df3709a1539c39025bf830d85926e4
Samples/Chords/Chords_5D.wav,WAV PCM 24,11.0,48000,1,chords,chords,,86,2,major7,,2.4614166666666666,6.875916666666667,0.01,Preset loop; runtime crossfade; listening verification pending,1,0,c8def7077dcceff47d7be9650ba1dda914136ac32f434c332ca301dadc28efcc
Samples/Chords/Chords_5E.wav,WAV PCM 24,11.0,48000,1,chords,chords,,88,4,major7,,1.0199791666666667,8.420833333333333,0.01,Preset loop; runtime crossfade; listening verification pending,1,0,640e3d5411983bba3893e5dcfef6ded51951309bf1db301afb87ef861922950a
Samples/Chords/Chords_5F#.wav,WAV PCM 24,11.0,48000,1,chords,chords,,90,6,major7,,0.89475,8.126354166666667,0.01,Preset loop; runtime crossfade; listening verification pending,1,0,29f09bfcc00e46578fed7ecf3f347e1ddf2c8545b6ce04d4d19e6ced2ba42e61
Samples/Chords/Chords_5F.wav,WAV PCM 24,11.0,48000,1,chords,chords,,89,5,major7,,0.03989583333333333,8.552020833333334,0.01,Preset loop; runtime crossfade; listening verification pending,1,0,ffdb176b93d2870b4e52b065d403cb27345ed47bdc34fd299f9a0ddec96d2e51
Samples/Chords/Chords_5G#.wav,WAV PCM 24,11.0,48000,1,chords,chords,,92,8,major7,,6.424270833333333,7.962541666666667,0.01,Preset loop; runtime crossfade; listening verification pending,1,0,ee404fbbe4a4c8c5bb6395f167957070baeb777e5462d8f1156d6866ef5b49cd
Samples/Chords/Chords_5G.wav,WAV PCM 24,11.0,48000,1,chords,chords,,91,7,major7,,4.2766875,6.813354166666667,0.01,Preset loop; runtime crossfade; listening verification pending,1,0,c2f04ed90cc4c40f246bad8561ff2e9233fb0abe7663a4a048ab0667751879f3
Samples/Chords/Chords_6A#.wav,WAV PCM 24,11.0,48000,1,chords,chords,,106,10,diminished,,0.19595833333333335,9.026833333333334,0.01,Preset loop; runtime crossfade; listening verification pending,1,0,50b9114b52e9391af42ddd5f9ffbe3a9971209fbb7eeac9947d3f5c2c23bcf24
Samples/Chords/Chords_6A.wav,WAV PCM 24,11.0,48000,1,chords,chords,,105,9,diminished,,0.8274166666666667,6.077020833333333,0.01,Preset loop; runtime crossfade; listening verification pending,1,0,af95b0a1d93a28a4cd91eb4e5a2abd6a678800c544de479d0bb0cf3f5a9c2f01
Samples/Chords/Chords_6B.wav,WAV PCM 24,11.0,48000,1,chords,chords,,107,11,diminished,,3.223291666666667,8.6424375,0.01,Preset loop; runtime crossfade; listening verification pending,1,0,9684e32e34cf9ac8883b8c0cbdd1141e4e6bc32e5d6765a76cdeecbf4b8c8702
Samples/Chords/Chords_6C#.wav,WAV PCM 24,11.0,48000,1,chords,chords,,97,1,diminished,,0.18895833333333334,8.678270833333332,0.01,Preset loop; runtime crossfade; listening verification pending,1,0,6525751b218b453f15be38af1a73bb8b11394efd4ac00353f53908d771333923
Samples/Chords/Chords_6C.wav,WAV PCM 24,11.0,48000,1,chords,chords,,96,0,diminished,,0.08572916666666666,9.06725,0.01,Preset loop; runtime crossfade; listening verification pending,1,0,d0b0f72918f29b9d35662cd8caa715f8555e864ee7e24bb537b30669d69ba7af
Samples/Chords/Chords_6D#.wav,WAV PCM 24,11.0,48000,1,chords,chords,,99,3,diminished,,1.0355,8.865270833333334,0.01,Preset loop; runtime crossfade; listening verification pending,1,0,3282bfaaecd1b4783334dc3f68737921b754fd1be7fdb707c42e0a7d65ea8be0
Samples/Chords/Chords_6D.wav,WAV PCM 24,11.0,48000,1,chords,chords,,98,2,diminished,,2.7425,5.517,0.01,Preset loop; runtime crossfade; listening verification pending,1,0,c50c175cd79405b4761f47e48f77e597304106b223ed876fe1e1d32ff3a16514
Samples/Chords/Chords_6E.wav,WAV PCM 24,11.0,48000,1,chords,chords,,100,4,diminished,,2.0865833333333335,4.1131875,0.01,Preset loop; runtime crossfade; listening verification pending,1,0,31a68481ae68ab034dee7564a22c090a818f458a9d0145a941d366736e7ad681
Samples/Chords/Chords_6F#.wav,WAV PCM 24,11.0,48000,1,chords,chords,,102,6,diminished,,0.9323958333333333,6.607479166666667,0.01,Preset loop; runtime crossfade; listening verification pending,1,0,3e75c83e699ac9d6f8349670611210f1e538c79e91e1d305d2685cf27746244b
Samples/Chords/Chords_6F.wav,WAV PCM 24,11.0,48000,1,chords,chords,,101,5,diminished,,6.086291666666667,8.561,0.01,Preset loop; runtime crossfade; listening verification pending,1,0,b818140e7aad825941d2facf46f48d169a44dbc1ece92ec5d3e9fc4a0fc80c4d
Samples/Chords/Chords_6G#.wav,WAV PCM 24,11.0,48000,1,chords,chords,,104,8,diminished,,0.16602083333333334,9.056208333333334,0.01,Preset loop; runtime crossfade; listening verification pending,1,0,eed48683534f92eb07e5641dd80f6aaebd5f8b060a91def60ed92ef81cf6f8d7
Samples/Chords/Chords_6G.wav,WAV PCM 24,11.0,48000,1,chords,chords,,103,7,diminished,,5.917645833333333,8.860979166666667,0.01,Preset loop; runtime crossfade; listening verification pending,1,0,b833fdbbbe4bad6d38219f89e5e8666a162ece988b7be82f44b4fb64ae2e0d2f
Samples/Chords/Chords_7A#.wav,WAV PCM 24,11.0,48000,1,chords,chords,,118,10,augmented,,1.790875,8.214791666666667,0.01,Preset loop; runtime crossfade; listening verification pending,1,0,b933ae850c5c0f5e0bba1634a4a7ce84114a05206f5b10bb73938b7d1769263c
Samples/Chords/Chords_7A.wav,WAV PCM 24,11.0,48000,1,chords,chords,,117,9,augmented,,3.8930833333333332,6.666375,0.01,Preset loop; runtime crossfade; listening verification pending,1,0,550e9241a2617a594ccdcb3a52aa36964e8f3e619e1b108490abdb59676b0fa8
Samples/Chords/Chords_7B.wav,WAV PCM 24,11.0,48000,1,chords,chords,,119,11,augmented,,1.3071458333333332,4.11675,0.01,Preset loop; runtime crossfade; listening verification pending,1,0,88a8ef1fc3c1d687d21f2b88015f44d4ff3f9fb7c7cd86940ef79af5c7899c3c
Samples/Chords/Chords_7C#.wav,WAV PCM 24,11.0,48000,1,chords,chords,,109,1,augmented,,0.343375,6.2311875,0.01,Preset loop; runtime crossfade; listening verification pending,1,0,a3ebbe6b1dc5d9874d7e114feae58729ed0fed0d650a4cdf321908eac788acd8
Samples/Chords/Chords_7C.wav,WAV PCM 24,11.0,48000,1,chords,chords,,108,0,augmented,,0.19610416666666666,5.657729166666667,0.01,Preset loop; runtime crossfade; listening verification pending,1,0,b17e82dee6f14d4f7b86d772e8d038b4f8b42ab9f5286aab099155c05f1d4dbc
Samples/Chords/Chords_7D#.wav,WAV PCM 24,11.0,48000,1,chords,chords,,111,3,augmented,,3.105625,7.936375,0.01,Preset loop; runtime crossfade; listening verification pending,1,0,72e98f7330b5711c0cce3d7d8e7a5b4d1143b0618d4cf0f01ba241895a9db052
Samples/Chords/Chords_7D.wav,WAV PCM 24,11.0,48000,1,chords,chords,,110,2,augmented,,3.39825,8.6461875,0.01,Preset loop; runtime crossfade; listening verification pending,1,0,56a9c844af9eeec09e139a7f92cb2c0f1491036a2f887f008e8a85999cd83f22
Samples/Chords/Chords_7E.wav,WAV PCM 24,11.0,48000,1,chords,chords,,112,4,augmented,,1.9067083333333332,7.367416666666666,0.01,Preset loop; runtime crossfade; listening verification pending,1,0,b526ddd7491ec82915d2558ba9d444c20e45267a2f64d9bbee9a50eb4d2ebcfb
Samples/Chords/Chords_7F#.wav,WAV PCM 24,11.0,48000,1,chords,chords,,114,6,augmented,,0.6389583333333333,8.3401875,0.01,Preset loop; runtime crossfade; listening verification pending,1,0,d4c5f899b90d6092a002f59e8ff6e37c0c72363be21f99c62c565e09efe48db5
Samples/Chords/Chords_7F.wav,WAV PCM 24,11.0,48000,1,chords,chords,,113,5,augmented,,4.116583333333334,8.852729166666666,0.01,Preset loop; runtime crossfade; listening verification pending,1,0,b099d4716487988c57ed676de7001af1ce899721bbb58550a1d1c0f19f7b3f9a
Samples/Chords/Chords_7G#.wav,WAV PCM 24,11.0,48000,1,chords,chords,,116,8,augmented,,0.8979583333333333,8.343666666666667,0.01,Preset loop; runtime crossfade; listening verification pending,1,0,fc17aaf6589d3170334fd208e0ea5468b5a9537ac8919ccd2ff3381d3539ee14
Samples/Chords/Chords_7G.wav,WAV PCM 24,11.0,48000,1,chords,chords,,115,7,augmented,,3.38175,5.428145833333334,0.01,Preset loop; runtime crossfade; listening verification pending,1,0,f0eb3b6df3aae504edaec90828b09c897f58b250209696f4a56bc11210f97255
Samples/Drums/Clave_2A.wav,WAV PCM 24,0.226521,48000,1,drums,drums,,57,,,clave,,,,One-shot; not looped,1,0,a423c007db24a1a30c00c63f6a3b8283c68d2a9b85f3dabeee68196d8f15f13c
Samples/Drums/Clave_2G#.wav,WAV PCM 24,0.042375,48000,1,drums,drums,,56,,,clave,,,,One-shot; not looped,1,0,a1f8262e20f107f9a23fde1e72f7beecb23758c84f851c15b6e58f8b965d9980
Samples/Drums/Clave_2G.wav,WAV PCM 24,0.040625,48000,1,drums,drums,,55,,,clave,,,,One-shot; not looped,1,0,c6efcb882a86ab4279ee1686ebbc3e5d874ebf05241c92af83e698d5c825487e
Samples/Drums/HiHat_2C#.wav,WAV PCM 24,0.026146,48000,1,drums,drums,,49,,,hihat,,,,One-shot; not looped,1,0,98e977cf0d46fbe83cc990d645d3821afa01d1f7707e79e2a91febcf6646f0b4
Samples/Drums/HiHat_2D#.wav,WAV PCM 24,0.044,48000,1,drums,drums,,51,,,hihat,,,,One-shot; not looped,1,0,c374aa44a7984f9584bc7a22730a0111e2522ea15953d73a05e5463b0adb37a7
Samples/Drums/HiHat_2D.wav,WAV PCM 24,0.033167,48000,1,drums,drums,,50,,,hihat,,,,One-shot; not looped,1,0,e71ef49d345013fb6018040aebe361553256794c77810cd96ea3c46a4edc085e
Samples/Drums/HiHat_2E.wav,WAV PCM 24,0.101312,48000,1,drums,drums,,52,,,hihat,,,,One-shot; not looped,1,0,0252f0b7c9c3684527ecf3f974ca5bd0a6b9eac52e254b4dd8fca6bc0f346ac0
Samples/Drums/HiHat_2F#.wav,WAV PCM 24,0.274313,48000,1,drums,drums,,54,,,hihat,,,,One-shot; not looped,1,0,7351de3a9c3411f36c4be30c866c568ea062e4611e3c4ac0e5c56030842e1d60
Samples/Drums/HiHat_2F.wav,WAV PCM 24,0.263646,48000,1,drums,drums,,53,,,hihat,,,,One-shot; not looped,1,0,5be1f7bae89db35f02194be4bcbcbf8012115408a9a7ab3de40e48a3ea0e63a0
Samples/Drums/Kick_1C#.wav,WAV PCM 24,0.25,48000,1,drums,drums,,37,,,kick,,,,One-shot; not looped,1,0,8822c9f70fd08a5ba8d90a5d6d3738027f6189e041e118a4be03b3eac86b670d
Samples/Drums/Kick_1C.wav,WAV PCM 24,0.249646,48000,1,drums,drums,,36,,,kick,,,,One-shot; not looped,1,0,bbffb2d06c62ce5864e11085335268624c9002d412256040c44baeae63237c9e
Samples/Drums/Kick_1D#.wav,WAV PCM 24,0.25,48000,1,drums,drums,,39,,,kick,,,,One-shot; not looped,1,0,25c2405fcec80b265a95859899e4c61876371062708b641d33c46c6467bb811e
Samples/Drums/Kick_1D.wav,WAV PCM 24,0.25,48000,1,drums,drums,,38,,,kick,,,,One-shot; not looped,1,0,46166e4424e6022fd7bd318a03cf75956d4d68b5c0266b38e32dff7c97ed6115
Samples/Drums/Kick_1E.wav,WAV PCM 24,0.375,48000,1,drums,drums,,40,,,kick,,,,One-shot; not looped,1,0,0b8482daf3235c0908fb07ff160ddf06f3709c69a147cd3643385251a83098d6
Samples/Drums/Kick_1F#.wav,WAV PCM 24,0.25,48000,1,drums,drums,,42,,,kick,,,,One-shot; not looped,1,0,77cf997a18340f84632af79d0022042bfd3327f18e1768d2bbb98835bd263e1b
Samples/Drums/Kick_1F.wav,WAV PCM 24,0.25,48000,1,drums,drums,,41,,,kick,,,,One-shot; not looped,1,0,27961e27f7bc9886e494831bf184d43bb8b4fa0e7605a3fc18ca62b348daeaae
Samples/Drums/Snare_1A#.wav,WAV PCM 24,0.059792,48000,1,drums,drums,,46,,,snare,,,,One-shot; not looped,1,0,531712f8d93e31adfbb0a5061b0766eb65e37544b487fdc67a5ad4ec40438285
Samples/Drums/Snare_1A.wav,WAV PCM 24,0.051042,48000,1,drums,drums,,45,,,snare,,,,One-shot; not looped,1,0,c0b176ad16a65f94cfdc68cc5790ac0c83ca621b8ead65f4d164dc2c6ffb2f36
Samples/Drums/Snare_1B.wav,WAV PCM 24,0.240521,48000,1,drums,drums,,47,,,snare,,,,One-shot; not looped,1,0,6bd5d9d68a7dc5b710244c442df68ac5cdf663fe20ec56a46543353b6261abd1
Samples/Drums/Snare_1G#.wav,WAV PCM 24,0.052083,48000,1,drums,drums,,44,,,snare,,,,One-shot; not looped,1,0,23b32007cc522f254b3bb5f6555a8949697157ce80bf1310e09f56ff8fcba375
Samples/Drums/Snare_1G.wav,WAV PCM 24,0.052042,48000,1,drums,drums,,43,,,snare,,,,One-shot; not looped,1,0,bbe84a413bac147f3c0c72f11d2abe995d8bcf179587a8cf3f81478cc5c622a7
Samples/Drums/Snare_2C.wav,WAV PCM 24,0.28625,48000,1,drums,drums,,48,,,snare,,,,One-shot; not looped,1,0,9df8d68f15db4097058f9b4f8bad3119b5129ca1012c98340ef94a7c2c3d00fc
Samples/Keyboard/Keyboard_1A#.wav,WAV PCM 24,11.752,48000,1,keyboard,keyboard,58,46,,,,0.007916666666666667,11.748958333333333,0.00020833333333333335,Preset loop; runtime crossfade; listening verification pending,1,0,cb288534c944a20cd6a0e5f3e1e23bd07f88e4f2bbdd26b293cb50bfe1e24e24
Samples/Keyboard/Keyboard_1A.wav,WAV PCM 24,11.751563,48000,1,keyboard,keyboard,57,45,,,,0.0060416666666666665,11.748541666666666,0.00020833333333333335,Preset loop; runtime crossfade; listening verification pending,1,0,fb19d2bafbd833fb5f638b686cf0e41a03348c2abfa026060fed9d1cfcd396a0
Samples/Keyboard/Keyboard_1B.wav,WAV PCM 24,11.751979,48000,1,keyboard,keyboard,59,47,,,,0.005458333333333333,11.747291666666667,0.00020833333333333335,Preset loop; runtime crossfade; listening verification pending,1,0,b9124c64bcab6be152b4f72cd1476f6ebe62da2e4a65e893164486b37f5ae798
Samples/Keyboard/Keyboard_1C#.wav,WAV PCM 24,11.751563,48000,1,keyboard,keyboard,49,37,,,,0.005125,11.747625,0.00020833333333333335,Preset loop; runtime crossfade; listening verification pending,1,0,90ae83fd711d5b4fc8fca88d062b64bf472bac513beb9963bc79c42c41415a4a
Samples/Keyboard/Keyboard_1C.wav,WAV PCM 24,11.751563,48000,1,keyboard,keyboard,48,36,,,,0.009270833333333334,11.750625,0.00020833333333333335,Preset loop; runtime crossfade; listening verification pending,1,0,73c39ed38225b71ebede2ebf426b324704a9fcd6ceba868122257994a9ddd5ae
Samples/Keyboard/Keyboard_1D#.wav,WAV PCM 24,11.752042,48000,1,keyboard,keyboard,51,39,,,,0.007916666666666667,11.7503125,0.00020833333333333335,Preset loop; runtime crossfade; listening verification pending,1,0,a1c0b1cbf3942085e6a40a1479c6c9800ac403b45212fc2d287ca1acc244aaa0
Samples/Keyboard/Keyboard_1D.wav,WAV PCM 24,11.752042,48000,1,keyboard,keyboard,50,38,,,,0.008333333333333333,11.747395833333334,0.00020833333333333335,Preset loop; runtime crossfade; listening verification pending,1,0,a575b69e20f1cada1a745da5541fdf64f5a198004a4e0046802863d3116a95f5
Samples/Keyboard/Keyboard_1E.wav,WAV PCM 24,11.752021,48000,1,keyboard,keyboard,52,40,,,,0.004520833333333333,11.7505625,0.00020833333333333335,Preset loop; runtime crossfade; listening verification pending,1,0,813d7a5f3bbc66db68388dbdd7057275ff9b3da381a067bbd55adb3b6cfc81a3
Samples/Keyboard/Keyboard_1F#.wav,WAV PCM 24,11.752,48000,1,keyboard,keyboard,54,42,,,,0.004166666666666667,11.74925,0.00020833333333333335,Preset loop; runtime crossfade; listening verification pending,1,0,6cd9e88964bcd9616df0fd81a91db635766fb92da6b772d9a35150646cf81b9b
Samples/Keyboard/Keyboard_1F.wav,WAV PCM 24,11.752,48000,1,keyboard,keyboard,53,41,,,,0.007166666666666667,11.750458333333333,0.00020833333333333335,Preset loop; runtime crossfade; listening verification pending,1,0,15afc3df3b50cc98f0ed600ae6088f6d8204a0b1e7e1b6885df815639972b778
Samples/Keyboard/Keyboard_1G#.wav,WAV PCM 24,11.752042,48000,1,keyboard,keyboard,56,44,,,,0.003958333333333334,11.751520833333334,0.00020833333333333335,Preset loop; runtime crossfade; listening verification pending,1,0,b2c057be24bf5e704667c825ea6e9179684a0ecef8282096d3f8f918dfacdf6f
Samples/Keyboard/Keyboard_1G.wav,WAV PCM 24,11.752042,48000,1,keyboard,keyboard,55,43,,,,0.0065625,11.747791666666666,0.00020833333333333335,Preset loop; runtime crossfade; listening verification pending,1,0,46104edb00680e5e4c65250992fff8e7fbb2a3d2588dca495c557e2bc7931064
Samples/Keyboard/Keyboard_2A#.wav,WAV PCM 24,11.752,48000,1,keyboard,keyboard,70,58,,,,0.007833333333333333,11.7488125,0.00020833333333333335,Preset loop; runtime crossfade; listening verification pending,1,0,0d730348b26b5a6b827a639cf45193ecc1e963360bbe7579312cfadf93e66089
Samples/Keyboard/Keyboard_2A.wav,WAV PCM 24,11.751563,48000,1,keyboard,keyboard,69,57,,,,0.007916666666666667,11.7495,0.00020833333333333335,Preset loop; runtime crossfade; listening verification pending,1,0,30a25965d0586f394a2ebfe9c2423b86fe085367b46ad8fcd997697bfa8ec4a0
Samples/Keyboard/Keyboard_2B.wav,WAV PCM 24,11.751979,48000,1,keyboard,keyboard,71,59,,,,0.0075,11.749020833333333,0.00020833333333333335,Preset loop; runtime crossfade; listening verification pending,1,0,b1aeb45be39ce1c2c1d8f682e023d8ea82a550618938815e7a7ba146fc441893
Samples/Keyboard/Keyboard_2C#.wav,WAV PCM 24,11.751563,48000,1,keyboard,keyboard,61,49,,,,0.005145833333333333,11.7475625,0.00020833333333333335,Preset loop; runtime crossfade; listening verification pending,1,0,158b0874acc892f476d106efe5a35b2d9d4c6c905098d822dd0c91aad45a53e0
Samples/Keyboard/Keyboard_2C.wav,WAV PCM 24,11.751563,48000,1,keyboard,keyboard,60,48,,,,0.005395833333333333,11.749125,0.00020833333333333335,Preset loop; runtime crossfade; listening verification pending,1,0,24867093de027d665de8faf85bd5d9484605c4788dfaed1c72fd6de6bc189624
Samples/Keyboard/Keyboard_2D#.wav,WAV PCM 24,11.751563,48000,1,keyboard,keyboard,63,51,,,,0.006354166666666667,11.747708333333334,0.00020833333333333335,Preset loop; runtime crossfade; listening verification pending,1,0,437389f96b7a0578d419e81a8de4af1a5e0f37483adf862adfddcf3384697633
Samples/Keyboard/Keyboard_2D.wav,WAV PCM 24,11.751563,48000,1,keyboard,keyboard,62,50,,,,0.006666666666666667,11.748541666666666,0.00020833333333333335,Preset loop; runtime crossfade; listening verification pending,1,0,8bcd7507bfb408fc95ff33243a2efb5aff9bbd908be6b7f66fe6502b5499976e
Samples/Keyboard/Keyboard_2E.wav,WAV PCM 24,11.752021,48000,1,keyboard,keyboard,64,52,,,,0.0075,11.750041666666666,0.00020833333333333335,Preset loop; runtime crossfade; listening verification pending,1,0,e4d23b78a81e51d78100c577b742816b72163dcf74fdb73802ec82a9a9bc3574
Samples/Keyboard/Keyboard_2F#.wav,WAV PCM 24,11.752,48000,1,keyboard,keyboard,66,54,,,,0.008291666666666666,11.749520833333333,0.00020833333333333335,Preset loop; runtime crossfade; listening verification pending,1,0,0c1a45aaffdbf7c28c1cf54c66714a7f352334ada2eb849ec8c82934c90bc2ed
Samples/Keyboard/Keyboard_2F.wav,WAV PCM 24,11.752,48000,1,keyboard,keyboard,65,53,,,,0.008958333333333334,11.748479166666666,0.00020833333333333335,Preset loop; runtime crossfade; listening verification pending,1,0,77b1e713eac8f709591e3ba4c4c30e7152d277b2ac7be99a8b647ca2ffa034c2
Samples/Keyboard/Keyboard_2G#.wav,WAV PCM 24,11.752042,48000,1,keyboard,keyboard,68,56,,,,0.008729166666666666,11.7493125,0.00020833333333333335,Preset loop; runtime crossfade; listening verification pending,1,0,0a1b84b6d47b98ca53c5a9f73fd92c06558b4dfc3d2d1110d8180fa7804fdf16
Samples/Keyboard/Keyboard_2G.wav,WAV PCM 24,11.751563,48000,1,keyboard,keyboard,67,55,,,,0.007875,11.748270833333333,0.00020833333333333335,Preset loop; runtime crossfade; listening verification pending,1,0,458f5ac13a24399c9984d53e23db8e37156f2779cad0bd0df833aad560a110cb
Samples/Keyboard/Keyboard_3C#.wav,WAV PCM 24,11.751563,48000,1,keyboard,keyboard,73,61,,,,0.0069791666666666665,11.748125,0.00020833333333333335,Preset loop; runtime crossfade; listening verification pending,1,0,fab564d0020133beb6fe4f8e3bccfcd112a5c5db266eff1100686260687bfe23
Samples/Keyboard/Keyboard_3C.wav,WAV PCM 24,11.751563,48000,1,keyboard,keyboard,72,60,,,,0.008333333333333333,11.74775,0.00020833333333333335,Preset loop; runtime crossfade; listening verification pending,1,0,544ecc11d3a1fb99eaa7081bc66669f032755033e9ee9f3c0f2310bb909788f6
Samples/Keyboard/Keyboard_3D#.wav,WAV PCM 24,11.751563,48000,1,keyboard,keyboard,75,63,,,,0.008,11.747458333333332,0.00020833333333333335,Preset loop; runtime crossfade; listening verification pending,1,0,748bbf4a35458b3c962457753fa1ced91ad357f57d220d18b82724228f5076c5
Samples/Keyboard/Keyboard_3D.wav,WAV PCM 24,11.751563,48000,1,keyboard,keyboard,74,62,,,,0.005833333333333334,11.7493125,0.00020833333333333335,Preset loop; runtime crossfade; listening verification pending,1,0,b50758c6c8eda64301f05362899716f9c25aae66f88cb93774bf5c6a20e49304
Samples/Keyboard/Keyboard_3E.wav,WAV PCM 24,11.751563,48000,1,keyboard,keyboard,76,64,,,,0.007541666666666667,11.7478125,0.00020833333333333335,Preset loop; runtime crossfade; listening verification pending,1,0,4f211cd6fdf5c7e9a53cc8ca15b777a6ccdfca08bf56df406aaa81778a159a04
Samples/Keyboard/Keyboard_3F#.wav,WAV PCM 24,11.751563,48000,1,keyboard,keyboard,78,66,,,,0.0077083333333333335,11.747708333333334,0.00020833333333333335,Preset loop; runtime crossfade; listening verification pending,1,0,a40730116e049006fcff4592db092fde1dd5d46e09a8a0e73a8e3b8837061fa5
Samples/Keyboard/Keyboard_3F.wav,WAV PCM 24,11.751563,48000,1,keyboard,keyboard,77,65,,,,0.007291666666666667,11.748104166666666,0.00020833333333333335,Preset loop; runtime crossfade; listening verification pending,1,0,a71d142d46fb71908bcf1c62c704178dbad22c428e73de0fa9b5c932576239ed
Samples/Keyboard/Keyboard_3G.wav,WAV PCM 24,11.751563,48000,1,keyboard,keyboard,79,67,,,,0.007333333333333333,11.747791666666666,0.00020833333333333335,Preset loop; runtime crossfade; listening verification pending,1,0,8604f31cbec6fcdf1ed634a81518bdff08a23c8aaaefd1d1d97f8023179a21f4
Samples/SonicStrings/Voice1/SonicStrings1_1A#.wav,WAV PCM 24,3.0,48000,1,sonicstrings,strings1,58,46,,,,,,,One-shot; not looped,1,0,9c08e145ca729cb73624fe8f6fb093a4b2d627597fb5b5621bfd7a4149a21975
Samples/SonicStrings/Voice1/SonicStrings1_1A.wav,WAV PCM 24,3.0,48000,1,sonicstrings,strings1,57,45,,,,,,,One-shot; not looped,1,0,bf5632c496ee5ef0429d6bb511e90c5e85bf64dcd32ccc6805bad7344298bafb
Samples/SonicStrings/Voice1/SonicStrings1_1B.wav,WAV PCM 24,3.0,48000,1,sonicstrings,strings1,59,47,,,,,,,One-shot; not looped,1,0,9e93957e7590943a4ece1510ef146f74590da7f7b345dcb90ec385b99c653400
Samples/SonicStrings/Voice1/SonicStrings1_1F#.wav,WAV PCM 24,3.0,48000,1,sonicstrings,strings1,54,42,,,,,,,One-shot; not looped,1,0,ff3b4e18b54e72db53612f55efb1061ed5b0ac539910502fc79d228052e3dccb
Samples/SonicStrings/Voice1/SonicStrings1_1G#.wav,WAV PCM 24,3.0,48000,1,sonicstrings,strings1,56,44,,,,,,,One-shot; not looped,1,0,276d5d34b2523fec978beb6e70bae488ca4a99d4776ce07cc03d32feca394f5a
Samples/SonicStrings/Voice1/SonicStrings1_1G.wav,WAV PCM 24,3.0,48000,1,sonicstrings,strings1,55,43,,,,,,,One-shot; not looped,1,0,8bbedd284a97329319cace20a998cce31e4d38b2fff4d94cb3f44d654018b944
Samples/SonicStrings/Voice1/SonicStrings1_2A#.wav,WAV PCM 24,3.0,48000,1,sonicstrings,strings1,70,58,,,,,,,One-shot; not looped,1,0,c936ed41d3b5a7464e6c0a29bcdeda6127bb3626d2718efd72e9412503b16076
Samples/SonicStrings/Voice1/SonicStrings1_2A.wav,WAV PCM 24,3.0,48000,1,sonicstrings,strings1,69,57,,,,,,,One-shot; not looped,1,0,833057e7c95cb17057abfb0db682d3960988574c9dde97dc57547673ab062583
Samples/SonicStrings/Voice1/SonicStrings1_2B.wav,WAV PCM 24,3.0,48000,1,sonicstrings,strings1,71,59,,,,,,,One-shot; not looped,1,0,1d3be1dbdd9a1bba0596c2cacae6671bf416e8a69f397d19866719c74c2f8b58
Samples/SonicStrings/Voice1/SonicStrings1_2C#.wav,WAV PCM 24,3.0,48000,1,sonicstrings,strings1,61,49,,,,,,,One-shot; not looped,1,0,4ff0ae2bf0aca0e188626d66667d66d7b50cc11331871dfd780dce95d4e56413
Samples/SonicStrings/Voice1/SonicStrings1_2C.wav,WAV PCM 24,3.0,48000,1,sonicstrings,strings1,60,48,,,,,,,One-shot; not looped,1,0,8e570a19dc63943e262991ae971817e7c862eb99140711645950cdd4ff3e401d
Samples/SonicStrings/Voice1/SonicStrings1_2D#.wav,WAV PCM 24,3.0,48000,1,sonicstrings,strings1,63,51,,,,,,,One-shot; not looped,1,0,fa9484378ff33841ba44dc4c694ee66e49cc59c7ddd8d66c02a0d0da8f87d649
Samples/SonicStrings/Voice1/SonicStrings1_2D.wav,WAV PCM 24,3.0,48000,1,sonicstrings,strings1,62,50,,,,,,,One-shot; not looped,1,0,5617dca439431ffac381b4d9901fac428cf5eab8dd1ba9fcfd7f963094a924af
Samples/SonicStrings/Voice1/SonicStrings1_2E.wav,WAV PCM 24,3.0,48000,1,sonicstrings,strings1,64,52,,,,,,,One-shot; not looped,1,0,99d36cd060067d373f66de1df4a092dc0c70c6723faca75b9f0aaca3fa690633
Samples/SonicStrings/Voice1/SonicStrings1_2F#.wav,WAV PCM 24,3.0,48000,1,sonicstrings,strings1,66,54,,,,,,,One-shot; not looped,1,0,2c302c4f34cbdb7f6d07cddb975ce1600f3af164d7e5fb1f2cf5589ffafdf16c
Samples/SonicStrings/Voice1/SonicStrings1_2F.wav,WAV PCM 24,3.0,48000,1,sonicstrings,strings1,65,53,,,,,,,One-shot; not looped,1,0,802b498b32b0d77172c48a7753ad3a3555e41d2efb63ca2c5478b3b60203214e
Samples/SonicStrings/Voice1/SonicStrings1_2G#.wav,WAV PCM 24,3.0,48000,1,sonicstrings,strings1,68,56,,,,,,,One-shot; not looped,1,0,842513108e9130dbd9355365039e76bb973f409307a57ec99dec7116119b064b
Samples/SonicStrings/Voice1/SonicStrings1_2G.wav,WAV PCM 24,3.0,48000,1,sonicstrings,strings1,67,55,,,,,,,One-shot; not looped,1,0,556080fa34b0dd4571b2871ce00b3b2a457fae1c1f7aadc702b534db119e2b6e
Samples/SonicStrings/Voice1/SonicStrings1_3A#.wav,WAV PCM 24,3.0,48000,1,sonicstrings,strings1,82,70,,,,,,,One-shot; not looped,1,0,186dc813697c45286dba3f5d42c5dc0ad4f3b68d24b8188b2a638440f46d50b2
Samples/SonicStrings/Voice1/SonicStrings1_3A.wav,WAV PCM 24,3.0,48000,1,sonicstrings,strings1,81,69,,,,,,,One-shot; not looped,1,0,e73ee0eaf7ac16ed78fc9c53cde5823dc3560bad22d12d6c0c908b6e1f4230d2
Samples/SonicStrings/Voice1/SonicStrings1_3B.wav,WAV PCM 24,3.0,48000,1,sonicstrings,strings1,83,71,,,,,,,One-shot; not looped,1,0,5b3c4487d479e2b06c496ee51264b2507dfe57e240daea764d7d437bcc455976
Samples/SonicStrings/Voice1/SonicStrings1_3C#.wav,WAV PCM 24,3.0,48000,1,sonicstrings,strings1,73,61,,,,,,,One-shot; not looped,1,0,7a80c03abab07a5bca7070218c0a75972986dbc8ea8fe8b60c392e45dc0f62cf
Samples/SonicStrings/Voice1/SonicStrings1_3C.wav,WAV PCM 24,3.0,48000,1,sonicstrings,strings1,72,60,,,,,,,One-shot; not looped,1,0,5b5917aeb43c7567c3668cd33f52f40191858bdde8d2f7fd5c074fb73ff30704
Samples/SonicStrings/Voice1/SonicStrings1_3D#.wav,WAV PCM 24,3.0,48000,1,sonicstrings,strings1,75,63,,,,,,,One-shot; not looped,1,0,6ecdd15b6aa31fd96b15323ba4a90b93b416e7030b7108a3845c25bbfb71cbe5
Samples/SonicStrings/Voice1/SonicStrings1_3D.wav,WAV PCM 24,3.0,48000,1,sonicstrings,strings1,74,62,,,,,,,One-shot; not looped,1,0,89c4084311be30e09db19b47768b99b3eee79e056616e722a8fa85e6676dd21e
Samples/SonicStrings/Voice1/SonicStrings1_3E.wav,WAV PCM 24,3.0,48000,1,sonicstrings,strings1,76,64,,,,,,,One-shot; not looped,1,0,8f38ed065b89b991ef21ddce3c9fcf1135d592e6a872befe5ace5ca6ee205f58
Samples/SonicStrings/Voice1/SonicStrings1_3F#.wav,WAV PCM 24,3.0,48000,1,sonicstrings,strings1,78,66,,,,,,,One-shot; not looped,1,0,84484b4abfb086b6c2f8f0cb6eb732e15c8d6644a1d9e4b5d686b5828456e5da
Samples/SonicStrings/Voice1/SonicStrings1_3F.wav,WAV PCM 24,3.0,48000,1,sonicstrings,strings1,77,65,,,,,,,One-shot; not looped,1,0,bb078f3c5fe66bc166e61f469456d3d002ca30c58dfcb360219322fde803f10a
Samples/SonicStrings/Voice1/SonicStrings1_3G#.wav,WAV PCM 24,3.0,48000,1,sonicstrings,strings1,80,68,,,,,,,One-shot; not looped,1,0,744bd3b8b6199c8d7b45a640ae628042d3725f8de79969c576d33c133a17d00a
Samples/SonicStrings/Voice1/SonicStrings1_3G.wav,WAV PCM 24,3.0,48000,1,sonicstrings,strings1,79,67,,,,,,,One-shot; not looped,1,0,f08ac43614a34405a45a96dc983c638a30607e97f2eb89939667d60d562f7597
Samples/SonicStrings/Voice1/SonicStrings1_4A#.wav,WAV PCM 24,3.0,48000,1,sonicstrings,strings1,94,82,,,,,,,One-shot; not looped,1,0,6f8d5161e68586410def9a0bd0678c30434144f32af8d4f69d20fd91be37bb57
Samples/SonicStrings/Voice1/SonicStrings1_4A.wav,WAV PCM 24,3.0,48000,1,sonicstrings,strings1,93,81,,,,,,,One-shot; not looped,1,0,1c6b434cff0db4048657c87339019ada44fa99e2d3e2a080e59b0b40cdb8b62e
Samples/SonicStrings/Voice1/SonicStrings1_4B.wav,WAV PCM 24,3.0,48000,1,sonicstrings,strings1,95,83,,,,,,,One-shot; not looped,1,0,1405b32dfe84e57b454b631751c7b09edcef4cf21c2481976e22222e2045fe59
Samples/SonicStrings/Voice1/SonicStrings1_4C#.wav,WAV PCM 24,3.0,48000,1,sonicstrings,strings1,85,73,,,,,,,One-shot; not looped,1,0,833eb7574789dbfa73faf9ec580eaf93ab0951b32013293ac73353bb0bd75e10
Samples/SonicStrings/Voice1/SonicStrings1_4C.wav,WAV PCM 24,3.0,48000,1,sonicstrings,strings1,84,72,,,,,,,One-shot; not looped,1,0,d4d198caabd4eb92b548922a387583227b32b08788a266a6a4c2661bd8bcec57
Samples/SonicStrings/Voice1/SonicStrings1_4D#.wav,WAV PCM 24,3.0,48000,1,sonicstrings,strings1,87,75,,,,,,,One-shot; not looped,1,0,814fecba08dd42289f26ac89e62799bff9679012e23b45fddfb9bf43439e796e
Samples/SonicStrings/Voice1/SonicStrings1_4D.wav,WAV PCM 24,3.0,48000,1,sonicstrings,strings1,86,74,,,,,,,One-shot; not looped,1,0,2fee99492cf91163c5b8c6ccee439893b86b2ff569d8cb0264ddda4fac58eabc
Samples/SonicStrings/Voice1/SonicStrings1_4E.wav,WAV PCM 24,3.0,48000,1,sonicstrings,strings1,88,76,,,,,,,One-shot; not looped,1,0,b45c757111c98cd22719e9ed4581f529279213ef6dce631629856823194cba56
Samples/SonicStrings/Voice1/SonicStrings1_4F#.wav,WAV PCM 24,3.0,48000,1,sonicstrings,strings1,90,78,,,,,,,One-shot; not looped,1,0,f75b0e1a4ce3321e0afc2f4ffd18917df22ed91fae2410a4a9b6fa40f469ebc9
Samples/SonicStrings/Voice1/SonicStrings1_4F.wav,WAV PCM 24,3.0,48000,1,sonicstrings,strings1,89,77,,,,,,,One-shot; not looped,1,0,f82fc0b9d3d21d628148b87c58cef2f4d7dc27d2921b80397eae88c51ab77e96
Samples/SonicStrings/Voice1/SonicStrings1_4G#.wav,WAV PCM 24,3.0,48000,1,sonicstrings,strings1,92,80,,,,,,,One-shot; not looped,1,0,52906dd21ed954328cff7f4609bc0bd017592468610c5ba32ed554e485b7cb4f
Samples/SonicStrings/Voice1/SonicStrings1_4G.wav,WAV PCM 24,3.0,48000,1,sonicstrings,strings1,91,79,,,,,,,One-shot; not looped,1,0,4597d776c1c69ecdb374994b8d36359c65328afd150477e517f8fbc1cc708e89
Samples/SonicStrings/Voice1/SonicStrings1_5A#.wav,WAV PCM 24,3.0,48000,1,sonicstrings,strings1,106,94,,,,,,,One-shot; not looped,1,0,1ab6833712376ab2776050a5abd4cd539e4a83a8a92c6d3322e7785105a45c85
Samples/SonicStrings/Voice1/SonicStrings1_5A.wav,WAV PCM 24,3.0,48000,1,sonicstrings,strings1,105,93,,,,,,,One-shot; not looped,1,0,977f7c064d6bc1b4d409bb669980e8d988786ea3050127a851f29cee83a30c7f
Samples/SonicStrings/Voice1/SonicStrings1_5B.wav,WAV PCM 24,3.0,48000,1,sonicstrings,strings1,107,95,,,,,,,One-shot; not looped,1,0,78a6add49995c767f7f933f32d0737b69e2ddadfd2d3f2ea0b8755e5e3b2087f
Samples/SonicStrings/Voice1/SonicStrings1_5C#.wav,WAV PCM 24,3.0,48000,1,sonicstrings,strings1,97,85,,,,,,,One-shot; not looped,1,0,f543d5a5d698143b2d6271393316dee82cceffad36523e9e184cb8e3e3076e79
Samples/SonicStrings/Voice1/SonicStrings1_5C.wav,WAV PCM 24,3.0,48000,1,sonicstrings,strings1,96,84,,,,,,,One-shot; not looped,1,0,cc2238656a68a52e56b818462d640f10fea98fa6507788eee9aeffd3cbd9108e
Samples/SonicStrings/Voice1/SonicStrings1_5D#.wav,WAV PCM 24,3.0,48000,1,sonicstrings,strings1,99,87,,,,,,,One-shot; not looped,1,0,cd3c88feb7dcfac7f41597f87c16e46efefaa54bbc946f3866203c719b03830e
Samples/SonicStrings/Voice1/SonicStrings1_5D.wav,WAV PCM 24,3.0,48000,1,sonicstrings,strings1,98,86,,,,,,,One-shot; not looped,1,0,39fea317d3a97016b0db1bc61e59fe5de8c15c284f427bc66f0944e342607e2d
Samples/SonicStrings/Voice1/SonicStrings1_5E.wav,WAV PCM 24,3.0,48000,1,sonicstrings,strings1,100,88,,,,,,,One-shot; not looped,1,0,bba817692a9b0cd0d11087fac1a04a200507535d466735f6abec4e139e8dace8
Samples/SonicStrings/Voice1/SonicStrings1_5F#.wav,WAV PCM 24,3.0,48000,1,sonicstrings,strings1,102,90,,,,,,,One-shot; not looped,1,0,0d70b0a2a0f124585eb2edfce7bea1b33d2f43dd635fd5f6de7af82c468fdf51
Samples/SonicStrings/Voice1/SonicStrings1_5F.wav,WAV PCM 24,3.0,48000,1,sonicstrings,strings1,101,89,,,,,,,One-shot; not looped,1,0,54be3b15476a64f061d0587a46eb1b14a478dbbaae86456d0b8ca97154ae3bd2
Samples/SonicStrings/Voice1/SonicStrings1_5G#.wav,WAV PCM 24,3.0,48000,1,sonicstrings,strings1,104,92,,,,,,,One-shot; not looped,1,0,5908b248d1dedc9a89c4ae83f26b4886c923cf0a0216812bd2bbf2bf3d5c13de
Samples/SonicStrings/Voice1/SonicStrings1_5G.wav,WAV PCM 24,3.0,48000,1,sonicstrings,strings1,103,91,,,,,,,One-shot; not looped,1,0,7731647b9ef7db1a68e889432f9e4330c263279143b1040651114b571e6478ee
Samples/SonicStrings/Voice1/SonicStrings1_6C#.wav,WAV PCM 24,3.0,48000,1,sonicstrings,strings1,109,97,,,,,,,One-shot; not looped,1,0,efa989a4e2e0413a586d7af9102e4b2670047aeaef31da8c4c306d1c924e4f53
Samples/SonicStrings/Voice1/SonicStrings1_6C.wav,WAV PCM 24,3.0,48000,1,sonicstrings,strings1,108,96,,,,,,,One-shot; not looped,1,0,e5ef6e487ad32ae77b1d0ba66f165399a6fe824086028db7abf96a8936ace438
Samples/SonicStrings/Voice1/SonicStrings1_6D#.wav,WAV PCM 24,3.0,48000,1,sonicstrings,strings1,111,99,,,,,,,One-shot; not looped,1,0,540713eae7c4bbcd3b8620af2693e9f52655279aa4f3bcad7414fd0097a4497c
Samples/SonicStrings/Voice1/SonicStrings1_6D.wav,WAV PCM 24,3.0,48000,1,sonicstrings,strings1,110,98,,,,,,,One-shot; not looped,1,0,1026e339e1bda0ea149eaa0071f4600f9eee9a5b4dded53c550a27e4dddde545
Samples/SonicStrings/Voice1/SonicStrings1_6E.wav,WAV PCM 24,3.0,48000,1,sonicstrings,strings1,112,100,,,,,,,One-shot; not looped,1,0,8cec32eace90b1c975d1ede624b3fbba8ec6e5e689bad5f3dd356f02d074d7e0
Samples/SonicStrings/Voice1/SonicStrings1_6F.wav,WAV PCM 24,3.0,48000,1,sonicstrings,strings1,113,101,,,,,,,One-shot; not looped,1,0,3b044a9f71a050f60d00dda3609815f3560ddacc3028a317b802941bb8e96a7e
Samples/SonicStrings/Voice2/SonicStrings2_1A#.wav,WAV PCM 24,3.0,48000,1,sonicstrings,strings2,58,46,,,,,,,One-shot; not looped,1,0,5c176c4b49e939dd1fc81b32fa870906b44c2e9f84543b559469aaaaa5bf2c15
Samples/SonicStrings/Voice2/SonicStrings2_1A.wav,WAV PCM 24,3.0,48000,1,sonicstrings,strings2,57,45,,,,,,,One-shot; not looped,1,0,57724779dd7bc14a2b6ba4858b0eb669de254a18ac727a13a697617a20cbb3b0
Samples/SonicStrings/Voice2/SonicStrings2_1B.wav,WAV PCM 24,3.0,48000,1,sonicstrings,strings2,59,47,,,,,,,One-shot; not looped,1,0,f61335a9f15962438cb8e0a1fad81694962f1151a6b0fa43a3ab98511682cc3d
Samples/SonicStrings/Voice2/SonicStrings2_1F#.wav,WAV PCM 24,3.0,48000,1,sonicstrings,strings2,54,42,,,,,,,One-shot; not looped,1,0,27d6418346c4ec3f7f3d1eeffc7981e30474302c98f9e9d72d2078436a08ec94
Samples/SonicStrings/Voice2/SonicStrings2_1G#.wav,WAV PCM 24,3.0,48000,1,sonicstrings,strings2,56,44,,,,,,,One-shot; not looped,1,0,b22c0734120eaa885b99990d1e43f31e18acf159aca41659fa62a50b6037f016
Samples/SonicStrings/Voice2/SonicStrings2_1G.wav,WAV PCM 24,3.0,48000,1,sonicstrings,strings2,55,43,,,,,,,One-shot; not looped,1,0,11e31011ed88dbb719619e0b0cf4388b098e72a82c011aca4cef9235e8c49bb2
Samples/SonicStrings/Voice2/SonicStrings2_2A#.wav,WAV PCM 24,3.0,48000,1,sonicstrings,strings2,70,58,,,,,,,One-shot; not looped,1,0,e09a64ea44d7fbc971e29a5afa7d3376a9bb8fb4b889f32b772465a34f8ef1a9
Samples/SonicStrings/Voice2/SonicStrings2_2A.wav,WAV PCM 24,3.0,48000,1,sonicstrings,strings2,69,57,,,,,,,One-shot; not looped,1,0,26e28758b183c940f398e1dcd4615bb9402e5ccc1ffb896143d05ff10f461b81
Samples/SonicStrings/Voice2/SonicStrings2_2B.wav,WAV PCM 24,3.0,48000,1,sonicstrings,strings2,71,59,,,,,,,One-shot; not looped,1,0,bda038f67e61d9a05ae03fd5130565cfb2af9deba2aad1a86ce0d461dce472dc
Samples/SonicStrings/Voice2/SonicStrings2_2C#.wav,WAV PCM 24,3.0,48000,1,sonicstrings,strings2,61,49,,,,,,,One-shot; not looped,1,0,d0d4e37176fce39565240c0f4e44bd8b42068d9c41b2316329f4e7cce1f8f228
Samples/SonicStrings/Voice2/SonicStrings2_2C.wav,WAV PCM 24,3.0,48000,1,sonicstrings,strings2,60,48,,,,,,,One-shot; not looped,1,0,b5e274697f3dbd0c2d0c2f829fb1111e71b66aa532b48d6b818d924a5251e4fc
Samples/SonicStrings/Voice2/SonicStrings2_2D#.wav,WAV PCM 24,3.0,48000,1,sonicstrings,strings2,63,51,,,,,,,One-shot; not looped,1,0,cefc264289ff9084c057ab58f803bf6edf87ba1a5ca06685f2e95b6bd73eaf94
Samples/SonicStrings/Voice2/SonicStrings2_2D.wav,WAV PCM 24,3.0,48000,1,sonicstrings,strings2,62,50,,,,,,,One-shot; not looped,1,0,0d481f58ee133cf88ed7b84083b082279840d02ff0453eaaad92d98ef528f478
Samples/SonicStrings/Voice2/SonicStrings2_2E.wav,WAV PCM 24,3.0,48000,1,sonicstrings,strings2,64,52,,,,,,,One-shot; not looped,1,0,3bd6393fb78849091b4ea28bd563c96c248bfa23a6a9f261bea5c26afa158813
Samples/SonicStrings/Voice2/SonicStrings2_2F#.wav,WAV PCM 24,3.0,48000,1,sonicstrings,strings2,66,54,,,,,,,One-shot; not looped,1,0,12b8a40a6cbfdbe2773726c888162a37740971ad3f74bcacf800c4279af37fc2
Samples/SonicStrings/Voice2/SonicStrings2_2F.wav,WAV PCM 24,3.0,48000,1,sonicstrings,strings2,65,53,,,,,,,One-shot; not looped,1,0,233fc324a445e7d5d6b2fec4a6166b50546f16392e953c63f93e4bbb3e5b25ae
Samples/SonicStrings/Voice2/SonicStrings2_2G#.wav,WAV PCM 24,3.0,48000,1,sonicstrings,strings2,68,56,,,,,,,One-shot; not looped,1,0,ce09bd83bd24ce978017c1e68ba132e8aaed710e77f8d1810d97887a0dafcd83
Samples/SonicStrings/Voice2/SonicStrings2_2G.wav,WAV PCM 24,3.0,48000,1,sonicstrings,strings2,67,55,,,,,,,One-shot; not looped,1,0,23c7b9fe11eae836d180cf02c3750670c739fcf77366a97cfe570abe1e5cba16
Samples/SonicStrings/Voice2/SonicStrings2_3A#.wav,WAV PCM 24,3.0,48000,1,sonicstrings,strings2,82,70,,,,,,,One-shot; not looped,1,0,3a4746ad1769eb702dbe9f603919a6fa65d86bc2aff4ebb3cd49c30c63e49022
Samples/SonicStrings/Voice2/SonicStrings2_3A.wav,WAV PCM 24,3.0,48000,1,sonicstrings,strings2,81,69,,,,,,,One-shot; not looped,1,0,f148f54f10135b864f47c99505dba19161fd3e1fa296259bf2c91f1b0f901e8f
Samples/SonicStrings/Voice2/SonicStrings2_3B.wav,WAV PCM 24,3.0,48000,1,sonicstrings,strings2,83,71,,,,,,,One-shot; not looped,1,0,0375495ca08adb753ebffb5e9ee52fc4a44d8f5483caad9a27ee1cd7283b311e
Samples/SonicStrings/Voice2/SonicStrings2_3C#.wav,WAV PCM 24,3.0,48000,1,sonicstrings,strings2,73,61,,,,,,,One-shot; not looped,1,0,10ffca0259db1e73eb4bcb3ff8ce491ed7cbf8ac26b70bbf83f415ab91a22ec8
Samples/SonicStrings/Voice2/SonicStrings2_3C.wav,WAV PCM 24,3.0,48000,1,sonicstrings,strings2,72,60,,,,,,,One-shot; not looped,1,0,900e24ae0efed9a63a012f7cd8ed8608d48755acc36dcfbc4ac02e8fcc82264f
Samples/SonicStrings/Voice2/SonicStrings2_3D#.wav,WAV PCM 24,3.0,48000,1,sonicstrings,strings2,75,63,,,,,,,One-shot; not looped,1,0,e6cb209b6239fcf170bbfdf8a407ef1592c0dd9c69ed98f608cd8f0c64891520
Samples/SonicStrings/Voice2/SonicStrings2_3D.wav,WAV PCM 24,3.0,48000,1,sonicstrings,strings2,74,62,,,,,,,One-shot; not looped,1,0,5c49ddfd86e438ecbd2a6264593141b0214e31d41edbf8edc837ac77772df2c8
Samples/SonicStrings/Voice2/SonicStrings2_3E.wav,WAV PCM 24,3.0,48000,1,sonicstrings,strings2,76,64,,,,,,,One-shot; not looped,1,0,89744195fffe266077bf14ff7eb509d5e1827989f9eab7cfa1db18951aed1e0b
Samples/SonicStrings/Voice2/SonicStrings2_3F#.wav,WAV PCM 24,3.0,48000,1,sonicstrings,strings2,78,66,,,,,,,One-shot; not looped,1,0,5b2a2daafa1a7633defcc3631521ac2500aeed76620e97f076549c0856947a97
Samples/SonicStrings/Voice2/SonicStrings2_3F.wav,WAV PCM 24,3.0,48000,1,sonicstrings,strings2,77,65,,,,,,,One-shot; not looped,1,0,78dcca0f806274b34adb764d9c714d4cb351535adc86c35da90df88e3e2ec4e1
Samples/SonicStrings/Voice2/SonicStrings2_3G#.wav,WAV PCM 24,3.0,48000,1,sonicstrings,strings2,80,68,,,,,,,One-shot; not looped,1,0,9e3394075a1fb13d83412859d8ecbcdc9048261cf35ac59c7746ee0112bd403e
Samples/SonicStrings/Voice2/SonicStrings2_3G.wav,WAV PCM 24,3.0,48000,1,sonicstrings,strings2,79,67,,,,,,,One-shot; not looped,1,0,eceae82854a96bccba142f0a19f1ac23b516b989f6649c05952315d709004b98
Samples/SonicStrings/Voice2/SonicStrings2_4A#.wav,WAV PCM 24,3.0,48000,1,sonicstrings,strings2,94,82,,,,,,,One-shot; not looped,1,0,e8e5666804ba4039051d8d7f9767657a041773b0c55aa6ce81006c26931dd685
Samples/SonicStrings/Voice2/SonicStrings2_4A.wav,WAV PCM 24,3.0,48000,1,sonicstrings,strings2,93,81,,,,,,,One-shot; not looped,1,0,329997b009d8dccfb02ef77efba41e1d2a6d2ec7d7b7a869a90ecf3355ea3e60
Samples/SonicStrings/Voice2/SonicStrings2_4B.wav,WAV PCM 24,3.0,48000,1,sonicstrings,strings2,95,83,,,,,,,One-shot; not looped,1,0,113c8db5ac99c7919cd2cac45ba65f95e2d354f6d03dfaeb5e2f51a35dcac271
Samples/SonicStrings/Voice2/SonicStrings2_4C#.wav,WAV PCM 24,3.0,48000,1,sonicstrings,strings2,85,73,,,,,,,One-shot; not looped,1,0,f754d26ac28c1ee0f3bea0bc466dd33a2094f873115826819f1a83d8009209bf
Samples/SonicStrings/Voice2/SonicStrings2_4C.wav,WAV PCM 24,3.0,48000,1,sonicstrings,strings2,84,72,,,,,,,One-shot; not looped,1,0,7dccd6a63274c62400fa8c33edcd40dba0bbc92ad40d848c70ff5274bdab1f27
Samples/SonicStrings/Voice2/SonicStrings2_4D#.wav,WAV PCM 24,3.0,48000,1,sonicstrings,strings2,87,75,,,,,,,One-shot; not looped,1,0,f45a43fd832973e194b8e1c5073bb8cc179f63b4d1e879517b268f43e444c3b0
Samples/SonicStrings/Voice2/SonicStrings2_4D.wav,WAV PCM 24,3.0,48000,1,sonicstrings,strings2,86,74,,,,,,,One-shot; not looped,1,0,e5799a86e9bd1ca9fd78a2bd76c3ff2687d27c236dff854f568db671ad47b1f1
Samples/SonicStrings/Voice2/SonicStrings2_4E.wav,WAV PCM 24,3.0,48000,1,sonicstrings,strings2,88,76,,,,,,,One-shot; not looped,1,0,3347092f41908ef5fb67b9058ab495f7a485a8da2b9073bb48dc753e9972be31
Samples/SonicStrings/Voice2/SonicStrings2_4F#.wav,WAV PCM 24,3.0,48000,1,sonicstrings,strings2,90,78,,,,,,,One-shot; not looped,1,0,8a9dcdb62629d4ba810f78be5de67588f88595b55cc2ea89964aa39b0e509e51
Samples/SonicStrings/Voice2/SonicStrings2_4F.wav,WAV PCM 24,3.0,48000,1,sonicstrings,strings2,89,77,,,,,,,One-shot; not looped,1,0,484ff3cde729c93463ddcad6429270b7e428d5d95d6161e545446236cb2b2970
Samples/SonicStrings/Voice2/SonicStrings2_4G#.wav,WAV PCM 24,3.0,48000,1,sonicstrings,strings2,92,80,,,,,,,One-shot; not looped,1,0,9ad7083dbe23bcdc0ba82752c2fec696ec712f6d9992c72988fa7fe75ef37c5e
Samples/SonicStrings/Voice2/SonicStrings2_4G.wav,WAV PCM 24,3.0,48000,1,sonicstrings,strings2,91,79,,,,,,,One-shot; not looped,1,0,caad3dcfae0fb7ff5cdbb95505cfa323c6c52155d7092054dedb3614605c8c64
Samples/SonicStrings/Voice2/SonicStrings2_5A#.wav,WAV PCM 24,3.0,48000,1,sonicstrings,strings2,106,94,,,,,,,One-shot; not looped,1,0,6c9874adc91a17c0acdca70e0f0ce950059ccb001f24cfac04b438ad8ada8ea7
Samples/SonicStrings/Voice2/SonicStrings2_5A.wav,WAV PCM 24,3.0,48000,1,sonicstrings,strings2,105,93,,,,,,,One-shot; not looped,1,0,04cf094455896e46bb61264db427ee274dd00e7ca4fc3ade6f1a6c082b4ab1f3
Samples/SonicStrings/Voice2/SonicStrings2_5B.wav,WAV PCM 24,3.0,48000,1,sonicstrings,strings2,107,95,,,,,,,One-shot; not looped,1,0,32179f9cfb10d768970eca809a24b6e822930a84fa86d354bddc636b919ab19c
Samples/SonicStrings/Voice2/SonicStrings2_5C#.wav,WAV PCM 24,3.0,48000,1,sonicstrings,strings2,97,85,,,,,,,One-shot; not looped,1,0,09fa20d05249feb5f1a1f8731c9e6098b6f9f635d009eae0d2d1a8c2b247b628
Samples/SonicStrings/Voice2/SonicStrings2_5C.wav,WAV PCM 24,3.0,48000,1,sonicstrings,strings2,96,84,,,,,,,One-shot; not looped,1,0,9107f9bfee1e6505fa5d46e83651eb000570948f9f8e55ab78ecc5334cf80310
Samples/SonicStrings/Voice2/SonicStrings2_5D#.wav,WAV PCM 24,3.0,48000,1,sonicstrings,strings2,99,87,,,,,,,One-shot; not looped,1,0,b2b8e981a5d784e21100c721eede67c35edf6acf2705063924e408b8398390c4
Samples/SonicStrings/Voice2/SonicStrings2_5D.wav,WAV PCM 24,3.0,48000,1,sonicstrings,strings2,98,86,,,,,,,One-shot; not looped,1,0,a2b8c4add1426ed18875445b64cc89e19a02b5a7fd208f4a9f357302a59aba84
Samples/SonicStrings/Voice2/SonicStrings2_5E.wav,WAV PCM 24,3.0,48000,1,sonicstrings,strings2,100,88,,,,,,,One-shot; not looped,1,0,177ad37d9f37bd649d989cc3524af8f6d862b0d4e63c8a1e2f22c589268a29b6
Samples/SonicStrings/Voice2/SonicStrings2_5F#.wav,WAV PCM 24,3.0,48000,1,sonicstrings,strings2,102,90,,,,,,,One-shot; not looped,1,0,2f056bd0f4c01f4d905937db45dbbd1fed74727794dffb35a136f05b25a4cd3b
Samples/SonicStrings/Voice2/SonicStrings2_5F.wav,WAV PCM 24,3.0,48000,1,sonicstrings,strings2,101,89,,,,,,,One-shot; not looped,1,0,9dcff027c124ea5a2d62d5b55c6243369275c2613ce4b854c733e884fb6753f4
Samples/SonicStrings/Voice2/SonicStrings2_5G#.wav,WAV PCM 24,3.0,48000,1,sonicstrings,strings2,104,92,,,,,,,One-shot; not looped,1,0,c441f832b1c985b4ba5b6712120b29026de95bc0bef6810b2ac3b71637cfe83b
Samples/SonicStrings/Voice2/SonicStrings2_5G.wav,WAV PCM 24,3.0,48000,1,sonicstrings,strings2,103,91,,,,,,,One-shot; not looped,1,0,fba163408e382f761a0b1a6280ce76223314b1ab991ffbd4221593a1fc9bfd68
Samples/SonicStrings/Voice2/SonicStrings2_6C#.wav,WAV PCM 24,3.0,48000,1,sonicstrings,strings2,109,97,,,,,,,One-shot; not looped,1,0,7d1d9c24cc9e73245032efd6f501f78cbcffdc1bd00a122009de0ae18474cb9a
Samples/SonicStrings/Voice2/SonicStrings2_6C.wav,WAV PCM 24,3.0,48000,1,sonicstrings,strings2,108,96,,,,,,,One-shot; not looped,1,0,d461bb1415512315f4b5c88bfd52866b75921efb1ac28d97b5c2ecca31ea9530
Samples/SonicStrings/Voice2/SonicStrings2_6D#.wav,WAV PCM 24,3.0,48000,1,sonicstrings,strings2,111,99,,,,,,,One-shot; not looped,1,0,4022e1e1712700f4be14bede1df6895f543e52d9169b9faff5f2b42b038b2895
Samples/SonicStrings/Voice2/SonicStrings2_6D.wav,WAV PCM 24,3.0,48000,1,sonicstrings,strings2,110,98,,,,,,,One-shot; not looped,1,0,bb119897ff12207cdd2f20b2c38b8b9949e2e13cff370818747388d68862e925
Samples/SonicStrings/Voice2/SonicStrings2_6E.wav,WAV PCM 24,3.0,48000,1,sonicstrings,strings2,112,100,,,,,,,One-shot; not looped,1,0,a50b52ea11ded30c04eef88d6caefb5b65485b7c9a8a702443523a8198b89c71
Samples/SonicStrings/Voice2/SonicStrings2_6F.wav,WAV PCM 24,3.0,48000,1,sonicstrings,strings2,113,101,,,,,,,One-shot; not looped,1,0,df321a741038f5f0b2860f5a428588151bfba81dcf2dad64b0ef713b93a7fb5d
IR/Space.wav,WAV PCM 24,2.0,48000,2,reverb impulse,,,,,,,,,,Not used,,,
